[{"model": "contenttypes.contenttype", "pk": 1, "fields": {"app_label": "admin", "model": "logentry"}}, {"model": "contenttypes.contenttype", "pk": 2, "fields": {"app_label": "auth", "model": "permission"}}, {"model": "contenttypes.contenttype", "pk": 3, "fields": {"app_label": "auth", "model": "group"}}, {"model": "contenttypes.contenttype", "pk": 4, "fields": {"app_label": "contenttypes", "model": "contenttype"}}, {"model": "contenttypes.contenttype", "pk": 5, "fields": {"app_label": "sessions", "model": "session"}}, {"model": "contenttypes.contenttype", "pk": 6, "fields": {"app_label": "nutricionista", "model": "nutricionista"}}, {"model": "contenttypes.contenttype", "pk": 7, "fields": {"app_label": "nutricionista", "model": "comida"}}, {"model": "contenttypes.contenttype", "pk": 8, "fields": {"app_label": "nutricionista", "model": "pautaalimentaria"}}, {"model": "contenttypes.contenttype", "pk": 9, "fields": {"app_label": "paciente", "model": "paciente"}}, {"model": "contenttypes.contenttype", "pk": 10, "fields": {"app_label": "cuentas", "model": "user"}}, {"model": "contenttypes.contenttype", "pk": 11, "fields": {"app_label": "superadmin", "model": "alimento"}}, {"model": "contenttypes.contenttype", "pk": 12, "fields": {"app_label": "superadmin", "model": "grupoalimento"}}, {"model": "contenttypes.contenttype", "pk": 13, "fields": {"app_label": "superadmin", "model": "superadmin"}}, {"model": "contenttypes.contenttype", "pk": 14, "fields": {"app_label": "nutricionista", "model": "menu"}}, {"model": "sessions.session", "pk": "huj3esj4g7e5u8vd8ynczk52lc57tkxo", "fields": {"session_data": "NTcwMzBhMThiODY4N2I5MzMyNDNjYmM0MTU1NTBhNzIzYWNmOGU2ODp7Il9hdXRoX3VzZXJfaWQiOiIxIiwiX2F1dGhfdXNlcl9iYWNrZW5kIjoiZGphbmdvLmNvbnRyaWIuYXV0aC5iYWNrZW5kcy5Nb2RlbEJhY2tlbmQiLCJfYXV0aF91c2VyX2hhc2giOiI4ODAzOGIyZTc2NzNmZTA0YWE1NGM0MjY1YzBlODUxNmNhMDBjMmNjIn0=", "expire_date": "2018-06-05T01:39:15.520Z"}}, {"model": "sessions.session", "pk": "js4z5mgrzzya8cqp5gkuhg0s5bywi808", "fields": {"session_data": "NTcwMzBhMThiODY4N2I5MzMyNDNjYmM0MTU1NTBhNzIzYWNmOGU2ODp7Il9hdXRoX3VzZXJfaWQiOiIxIiwiX2F1dGhfdXNlcl9iYWNrZW5kIjoiZGphbmdvLmNvbnRyaWIuYXV0aC5iYWNrZW5kcy5Nb2RlbEJhY2tlbmQiLCJfYXV0aF91c2VyX2hhc2giOiI4ODAzOGIyZTc2NzNmZTA0YWE1NGM0MjY1YzBlODUxNmNhMDBjMmNjIn0=", "expire_date": "2018-06-05T22:48:17.964Z"}}, {"model": "nutricionista.menu", "pk": 1, "fields": {"nombre": "Desayuno", "nutricionista": 1, "alimentos": [1, 3]}}, {"model": "nutricionista.menu", "pk": 2, "fields": {"nombre": "Menu2", "nutricionista": 1, "alimentos": [1, 2, 3]}}, {"model": "nutricionista.menu", "pk": 3, "fields": {"nombre": "Menu2", "nutricionista": 1, "alimentos": [1, 2, 3]}}, {"model": "nutricionista.menu", "pk": 4, "fields": {"nombre": "Menu2", "nutricionista": 1, "alimentos": [1, 2, 3]}}, {"model": "nutricionista.menu", "pk": 5, "fields": {"nombre": "Menu2", "nutricionista": 1, "alimentos": [1, 2, 3]}}, {"model": "nutricionista.menu", "pk": 6, "fields": {"nombre": "Menu2", "nutricionista": 1, "alimentos": [1, 2, 3]}}, {"model": "nutricionista.menu", "pk": 7, "fields": {"nombre": "Menu2", "nutricionista": 1, "alimentos": [1, 2, 3]}}, {"model": "nutricionista.menu", "pk": 8, "fields": {"nombre": "Menu2", "nutricionista": 1, "alimentos": [1, 2, 3]}}, {"model": "nutricionista.menu", "pk": 9, "fields": {"nombre": "XXX", "nutricionista": 1, "alimentos": [1]}}, {"model": "nutricionista.menu", "pk": 10, "fields": {"nombre": "TEST", "nutricionista": 1, "alimentos": []}}, {"model": "nutricionista.menu", "pk": 11, "fields": {"nombre": "11111111", "nutricionista": 1, "alimentos": []}}, {"model": "nutricionista.menu", "pk": 12, "fields": {"nombre": "123", "nutricionista": 1, "alimentos": [1, 2]}}, {"model": "nutricionista.menu", "pk": 13, "fields": {"nombre": "123123123", "nutricionista": 1, "alimentos": [1, 2]}}, {"model": "nutricionista.menu", "pk": 14, "fields": {"nombre": "0000", "nutricionista": 1, "alimentos": [1, 2]}}, {"model": "nutricionista.menu", "pk": 15, "fields": {"nombre": "001", "nutricionista": 1, "alimentos": [2]}}, {"model": "nutricionista.menu", "pk": 16, "fields": {"nombre": "11111111111", "nutricionista": 1, "alimentos": []}}, {"model": "nutricionista.menu", "pk": 17, "fields": {"nombre": "Menu1", "nutricionista": 2, "alimentos": [1, 3]}}, {"model": "nutricionista.menu", "pk": 18, "fields": {"nombre": "Menu2", "nutricionista": 2, "alimentos": [1, 2, 3]}}, {"model": "nutricionista.menu", "pk": 19, "fields": {"nombre": "Menu2", "nutricionista": 2, "alimentos": [3]}}, {"model": "nutricionista.menu", "pk": 20, "fields": {"nombre": "000", "nutricionista": 2, "alimentos": [1, 2, 3]}}, {"model": "nutricionista.menu", "pk": 21, "fields": {"nombre": "100", "nutricionista": 1, "alimentos": [1, 2, 3]}}, {"model": "nutricionista.menu", "pk": 22, "fields": {"nombre": "100", "nutricionista": 1, "alimentos": [1, 2, 3]}}, {"model": "nutricionista.menu", "pk": 23, "fields": {"nombre": "QL", "nutricionista": 1, "alimentos": [1, 2, 3]}}, {"model": "nutricionista.pautaalimentaria", "pk": 1, "fields": {"nombre": "Pauta alimentaria paciente obeso", "nutricionista": 1, "recomendacion": "Comer sanito", "menus": []}}, {"model": "cuentas.user", "pk": 1, "fields": {"password": "pbkdf2_sha256$100000$TtsnZKjSNKUS$mjtrRZzKKjvcrlvD1ltRucyV047H96NXKhzJrdZQi8A=", "last_login": "2018-05-22T22:48:17.959Z", "rut": "18.785.937-9", "email": "hugonromante@gmail.com", "nombres": "Hugo", "apellidos": "Nu\u00f1ez Romante", "date": null, "nacimiento": "2018-05-01", "genero": "F", "active": true, "admin": true, "staff": true, "es_nutri": true, "es_paciente": false, "es_superadmin": false}}, {"model": "cuentas.user", "pk": 2, "fields": {"password": "pbkdf2_sha256$100000$ijkn2FlBwcmg$MeehBK5d9uJMmE3RwijgfrjYX7FF3v6nfVBT9uOn5Gc=", "last_login": null, "rut": "11.111.111-1", "email": "paciente1@gmail.com", "nombres": "Paciente 1", "apellidos": "apellidos", "date": null, "nacimiento": "2018-05-22", "genero": "F", "active": true, "admin": false, "staff": false, "es_nutri": false, "es_paciente": true, "es_superadmin": false}}, {"model": "cuentas.user", "pk": 3, "fields": {"password": "pbkdf2_sha256$100000$GWcYW2lNcJMz$AwuQ+Cje2mBReZs92VxLBBhVXAFopeKwQeojNaInRaQ=", "last_login": null, "rut": "1.111.111-1", "email": "asd@gmail.com", "nombres": "", "apellidos": "", "date": null, "nacimiento": null, "genero": "F", "active": true, "admin": false, "staff": false, "es_nutri": false, "es_paciente": true, "es_superadmin": false}}, {"model": "cuentas.user", "pk": 4, "fields": {"password": "pbkdf2_sha256$100000$RBFIGz2dGkKd$vFz+Ro541YPi+rlGqiKMpGuRFId0erJgwz5jib6fH4E=", "last_login": "2018-05-22T01:28:28.709Z", "rut": "11-111-111-1", "email": "nutri1@gmail.com", "nombres": "", "apellidos": "", "date": null, "nacimiento": null, "genero": "F", "active": true, "admin": false, "staff": false, "es_nutri": true, "es_paciente": false, "es_superadmin": false}}, {"model": "cuentas.user", "pk": 5, "fields": {"password": "pbkdf2_sha256$100000$WFZenxJ3mVcb$M2VsXxj7BYiEvU1tXF1t3JrGBy0L0fvlKcGPo7Bzg/U=", "last_login": null, "rut": "Paciente nuevo", "email": "paciente2@gmail.com", "nombres": "sin nombres especificados", "apellidos": "sin apellidos especificados", "date": null, "nacimiento": null, "genero": "F", "active": true, "admin": false, "staff": false, "es_nutri": false, "es_paciente": true, "es_superadmin": false}}, {"model": "superadmin.grupoalimento", "pk": 1, "fields": {"nombre": "Cereales", "cho_prom": 100, "pro_prom": 10, "lip_prom": 100, "azu_prom": 10}}, {"model": "superadmin.grupoalimento", "pk": 2, "fields": {"nombre": "Lacteos", "cho_prom": 10, "pro_prom": 100, "lip_prom": 10, "azu_prom": 100}}, {"model": "superadmin.grupoalimento", "pk": 3, "fields": {"nombre": "Carnes", "cho_prom": 10, "pro_prom": 100, "lip_prom": 10, "azu_prom": 10}}, {"model": "superadmin.alimento", "pk": 1, "fields": {"nombre": "Avena", "cho": 100, "pro": 100, "lip": 100, "azu": 100, "grupo_alimento": 1, "porcion": 1}}, {"model": "superadmin.alimento", "pk": 2, "fields": {"nombre": "Leche Entera", "cho": 10, "pro": 100, "lip": 100, "azu": 100, "grupo_alimento": 2, "porcion": 1}}, {"model": "superadmin.alimento", "pk": 3, "fields": {"nombre": "Yougurth", "cho": 100, "pro": 100, "lip": 100, "azu": 100, "grupo_alimento": 2, "porcion": 1}}, {"model": "paciente.paciente", "pk": 1, "fields": {"user": 2, "nutricionista": 1, "ocupacion": "Deportista profesional", "nacionalidad": "Chilena", "observacion": "obs", "ultima_atencion": null, "peso": 60, "glicemia_mgdl": 10.0}}, {"model": "paciente.paciente", "pk": 2, "fields": {"user": 3, "nutricionista": 1, "ocupacion": "asdad", "nacionalidad": "sadasd", "observacion": "asdas", "ultima_atencion": null, "peso": 10, "glicemia_mgdl": 1.0}}, {"model": "paciente.paciente", "pk": 3, "fields": {"user": 5, "nutricionista": 1, "ocupacion": "Ocupacion", "nacionalidad": "Chilena", "observacion": "observacion", "ultima_atencion": null, "peso": 62, "glicemia_mgdl": 10.0}}, {"model": "paciente.paciente", "pk": 4, "fields": {"user": null, "nutricionista": null, "ocupacion": "", "nacionalidad": "", "observacion": "", "ultima_atencion": null, "peso": 0, "glicemia_mgdl": 20.0}}, {"model": "paciente.paciente", "pk": 5, "fields": {"user": null, "nutricionista": null, "ocupacion": "", "nacionalidad": "", "observacion": "", "ultima_atencion": null, "peso": 0, "glicemia_mgdl": 20.0}}, {"model": "paciente.paciente", "pk": 6, "fields": {"user": null, "nutricionista": null, "ocupacion": "SER PACIENTE", "nacionalidad": "chilena", "observacion": "JEJE", "ultima_atencion": null, "peso": 0, "glicemia_mgdl": 0.0}}, {"model": "paciente.paciente", "pk": 7, "fields": {"user": null, "nutricionista": null, "ocupacion": "SER PACIENTE", "nacionalidad": "chilena", "observacion": "JEJE", "ultima_atencion": null, "peso": 0, "glicemia_mgdl": 0.0}}, {"model": "paciente.paciente", "pk": 8, "fields": {"user": null, "nutricionista": null, "ocupacion": "SER PACIENTE", "nacionalidad": "chilena", "observacion": "JEJE", "ultima_atencion": null, "peso": 0, "glicemia_mgdl": 0.0}}, {"model": "paciente.paciente", "pk": 9, "fields": {"user": null, "nutricionista": null, "ocupacion": "SER PACIENTE", "nacionalidad": "chilena", "observacion": "JEJE", "ultima_atencion": null, "peso": 0, "glicemia_mgdl": 0.0}}, {"model": "paciente.paciente", "pk": 10, "fields": {"user": null, "nutricionista": null, "ocupacion": "SER PACIENTE", "nacionalidad": "chilena", "observacion": "JEJE", "ultima_atencion": null, "peso": 0, "glicemia_mgdl": 0.0}}, {"model": "paciente.paciente", "pk": 11, "fields": {"user": null, "nutricionista": null, "ocupacion": "", "nacionalidad": "", "observacion": "", "ultima_atencion": null, "peso": 60, "glicemia_mgdl": 0.0}}, {"model": "paciente.paciente", "pk": 12, "fields": {"user": null, "nutricionista": null, "ocupacion": "", "nacionalidad": "", "observacion": "", "ultima_atencion": null, "peso": 60, "glicemia_mgdl": 0.0}}, {"model": "paciente.paciente", "pk": 13, "fields": {"user": null, "nutricionista": null, "ocupacion": "", "nacionalidad": "", "observacion": "", "ultima_atencion": null, "peso": 0, "glicemia_mgdl": 10.0}}, {"model": "paciente.paciente", "pk": 14, "fields": {"user": null, "nutricionista": null, "ocupacion": "", "nacionalidad": "", "observacion": "", "ultima_atencion": null, "peso": 123123, "glicemia_mgdl": 0.0}}, {"model": "paciente.paciente", "pk": 15, "fields": {"user": null, "nutricionista": null, "ocupacion": "", "nacionalidad": "", "observacion": "", "ultima_atencion": null, "peso": 123123, "glicemia_mgdl": 0.0}}, {"model": "paciente.paciente", "pk": 16, "fields": {"user": null, "nutricionista": null, "ocupacion": "SER PACIENTE", "nacionalidad": "chilena", "observacion": "JEJE", "ultima_atencion": null, "peso": 0, "glicemia_mgdl": 0.0}}, {"model": "paciente.paciente", "pk": 17, "fields": {"user": null, "nutricionista": null, "ocupacion": "SER PACIENTE", "nacionalidad": "chilenito", "observacion": "JEJE", "ultima_atencion": null, "peso": 0, "glicemia_mgdl": 0.0}}, {"model": "nutricionista.nutricionista", "pk": 1, "fields": {"user": 1, "info_nutri": "NUTRI"}}, {"model": "nutricionista.nutricionista", "pk": 2, "fields": {"user": 4, "info_nutri": ""}}, {"model": "auth.permission", "pk": 1, "fields": {"name": "Can add log entry", "content_type": 1, "codename": "add_logentry"}}, {"model": "auth.permission", "pk": 2, "fields": {"name": "Can change log entry", "content_type": 1, "codename": "change_logentry"}}, {"model": "auth.permission", "pk": 3, "fields": {"name": "Can delete log entry", "content_type": 1, "codename": "delete_logentry"}}, {"model": "auth.permission", "pk": 4, "fields": {"name": "Can add permission", "content_type": 2, "codename": "add_permission"}}, {"model": "auth.permission", "pk": 5, "fields": {"name": "Can change permission", "content_type": 2, "codename": "change_permission"}}, {"model": "auth.permission", "pk": 6, "fields": {"name": "Can delete permission", "content_type": 2, "codename": "delete_permission"}}, {"model": "auth.permission", "pk": 7, "fields": {"name": "Can add group", "content_type": 3, "codename": "add_group"}}, {"model": "auth.permission", "pk": 8, "fields": {"name": "Can change group", "content_type": 3, "codename": "change_group"}}, {"model": "auth.permission", "pk": 9, "fields": {"name": "Can delete group", "content_type": 3, "codename": "delete_group"}}, {"model": "auth.permission", "pk": 10, "fields": {"name": "Can add content type", "content_type": 4, "codename": "add_contenttype"}}, {"model": "auth.permission", "pk": 11, "fields": {"name": "Can change content type", "content_type": 4, "codename": "change_contenttype"}}, {"model": "auth.permission", "pk": 12, "fields": {"name": "Can delete content type", "content_type": 4, "codename": "delete_contenttype"}}, {"model": "auth.permission", "pk": 13, "fields": {"name": "Can add session", "content_type": 5, "codename": "add_session"}}, {"model": "auth.permission", "pk": 14, "fields": {"name": "Can change session", "content_type": 5, "codename": "change_session"}}, {"model": "auth.permission", "pk": 15, "fields": {"name": "Can delete session", "content_type": 5, "codename": "delete_session"}}, {"model": "auth.permission", "pk": 16, "fields": {"name": "Can add nutricionista", "content_type": 6, "codename": "add_nutricionista"}}, {"model": "auth.permission", "pk": 17, "fields": {"name": "Can change nutricionista", "content_type": 6, "codename": "change_nutricionista"}}, {"model": "auth.permission", "pk": 18, "fields": {"name": "Can delete nutricionista", "content_type": 6, "codename": "delete_nutricionista"}}, {"model": "auth.permission", "pk": 19, "fields": {"name": "Can add comida", "content_type": 7, "codename": "add_comida"}}, {"model": "auth.permission", "pk": 20, "fields": {"name": "Can change comida", "content_type": 7, "codename": "change_comida"}}, {"model": "auth.permission", "pk": 21, "fields": {"name": "Can delete comida", "content_type": 7, "codename": "delete_comida"}}, {"model": "auth.permission", "pk": 22, "fields": {"name": "Can add pauta alimentaria", "content_type": 8, "codename": "add_pautaalimentaria"}}, {"model": "auth.permission", "pk": 23, "fields": {"name": "Can change pauta alimentaria", "content_type": 8, "codename": "change_pautaalimentaria"}}, {"model": "auth.permission", "pk": 24, "fields": {"name": "Can delete pauta alimentaria", "content_type": 8, "codename": "delete_pautaalimentaria"}}, {"model": "auth.permission", "pk": 25, "fields": {"name": "Can add paciente", "content_type": 9, "codename": "add_paciente"}}, {"model": "auth.permission", "pk": 26, "fields": {"name": "Can change paciente", "content_type": 9, "codename": "change_paciente"}}, {"model": "auth.permission", "pk": 27, "fields": {"name": "Can delete paciente", "content_type": 9, "codename": "delete_paciente"}}, {"model": "auth.permission", "pk": 28, "fields": {"name": "Can add user", "content_type": 10, "codename": "add_user"}}, {"model": "auth.permission", "pk": 29, "fields": {"name": "Can change user", "content_type": 10, "codename": "change_user"}}, {"model": "auth.permission", "pk": 30, "fields": {"name": "Can delete user", "content_type": 10, "codename": "delete_user"}}, {"model": "auth.permission", "pk": 31, "fields": {"name": "Can add alimento", "content_type": 11, "codename": "add_alimento"}}, {"model": "auth.permission", "pk": 32, "fields": {"name": "Can change alimento", "content_type": 11, "codename": "change_alimento"}}, {"model": "auth.permission", "pk": 33, "fields": {"name": "Can delete alimento", "content_type": 11, "codename": "delete_alimento"}}, {"model": "auth.permission", "pk": 34, "fields": {"name": "Can add grupo alimento", "content_type": 12, "codename": "add_grupoalimento"}}, {"model": "auth.permission", "pk": 35, "fields": {"name": "Can change grupo alimento", "content_type": 12, "codename": "change_grupoalimento"}}, {"model": "auth.permission", "pk": 36, "fields": {"name": "Can delete grupo alimento", "content_type": 12, "codename": "delete_grupoalimento"}}, {"model": "auth.permission", "pk": 37, "fields": {"name": "Can add super admin", "content_type": 13, "codename": "add_superadmin"}}, {"model": "auth.permission", "pk": 38, "fields": {"name": "Can change super admin", "content_type": 13, "codename": "change_superadmin"}}, {"model": "auth.permission", "pk": 39, "fields": {"name": "Can delete super admin", "content_type": 13, "codename": "delete_superadmin"}}, {"model": "auth.permission", "pk": 40, "fields": {"name": "Can add menu", "content_type": 14, "codename": "add_menu"}}, {"model": "auth.permission", "pk": 41, "fields": {"name": "Can change menu", "content_type": 14, "codename": "change_menu"}}, {"model": "auth.permission", "pk": 42, "fields": {"name": "Can delete menu", "content_type": 14, "codename": "delete_menu"}}, {"model": "admin.logentry", "pk": 1, "fields": {"action_time": "2018-05-20T02:27:28.653Z", "user": 1, "content_type": 12, "object_id": "1", "object_repr": "GrupoAlimento object (1)", "action_flag": 1, "change_message": "[{\"added\": {}}]"}}, {"model": "admin.logentry", "pk": 2, "fields": {"action_time": "2018-05-20T02:27:43.699Z", "user": 1, "content_type": 12, "object_id": "2", "object_repr": "GrupoAlimento object (2)", "action_flag": 1, "change_message": "[{\"added\": {}}]"}}, {"model": "admin.logentry", "pk": 3, "fields": {"action_time": "2018-05-20T02:27:58.488Z", "user": 1, "content_type": 12, "object_id": "3", "object_repr": "GrupoAlimento object (3)", "action_flag": 1, "change_message": "[{\"added\": {}}]"}}, {"model": "admin.logentry", "pk": 4, "fields": {"action_time": "2018-05-20T02:29:13.410Z", "user": 1, "content_type": 11, "object_id": "1", "object_repr": "Avena", "action_flag": 1, "change_message": "[{\"added\": {}}]"}}, {"model": "admin.logentry", "pk": 5, "fields": {"action_time": "2018-05-20T02:29:35.908Z", "user": 1, "content_type": 11, "object_id": "2", "object_repr": "Leche Entera", "action_flag": 1, "change_message": "[{\"added\": {}}]"}}, {"model": "admin.logentry", "pk": 6, "fields": {"action_time": "2018-05-20T02:29:56.781Z", "user": 1, "content_type": 11, "object_id": "3", "object_repr": "Yougurth", "action_flag": 1, "change_message": "[{\"added\": {}}]"}}, {"model": "admin.logentry", "pk": 7, "fields": {"action_time": "2018-05-20T02:31:55.284Z", "user": 1, "content_type": 6, "object_id": "1", "object_repr": "18.785.937-9 - hugonromante@gmail.com", "action_flag": 1, "change_message": "[{\"added\": {}}]"}}, {"model": "admin.logentry", "pk": 8, "fields": {"action_time": "2018-05-20T02:48:38.681Z", "user": 1, "content_type": 7, "object_id": "1", "object_repr": "Comida object (1)", "action_flag": 1, "change_message": "[{\"added\": {}}]"}}, {"model": "admin.logentry", "pk": 9, "fields": {"action_time": "2018-05-20T02:51:44.267Z", "user": 1, "content_type": 7, "object_id": "2", "object_repr": "Almuerzo", "action_flag": 1, "change_message": "[{\"added\": {}}]"}}, {"model": "admin.logentry", "pk": 10, "fields": {"action_time": "2018-05-20T02:52:20.885Z", "user": 1, "content_type": 8, "object_id": "1", "object_repr": "Pauta alimentaria paciente obeso", "action_flag": 1, "change_message": "[{\"added\": {}}]"}}, {"model": "admin.logentry", "pk": 11, "fields": {"action_time": "2018-05-20T18:44:33.979Z", "user": 1, "content_type": 14, "object_id": "1", "object_repr": "Desayuno", "action_flag": 1, "change_message": "[{\"added\": {}}]"}}, {"model": "admin.logentry", "pk": 12, "fields": {"action_time": "2018-05-20T19:56:32.142Z", "user": 1, "content_type": 10, "object_id": "1", "object_repr": "18.785.937-9 - hugonromante@gmail.com", "action_flag": 2, "change_message": "[{\"changed\": {\"fields\": [\"nombres\", \"apellidos\"]}}]"}}, {"model": "admin.logentry", "pk": 13, "fields": {"action_time": "2018-05-22T23:07:21.768Z", "user": 1, "content_type": 10, "object_id": "2", "object_repr": "11.111.111-1 - paciente1@gmail.com", "action_flag": 2, "change_message": "[{\"changed\": {\"fields\": [\"nombres\", \"apellidos\", \"nacimiento\"]}}]"}}]